<?xml version="1.0" encoding="UTF-8"?>
<project-private xmlns="http://www.netbeans.org/ns/project-private/1">
    <editor-bookmarks xmlns="http://www.netbeans.org/ns/editor-bookmarks/2" lastBookmarkId="0"/>
    <open-files xmlns="http://www.netbeans.org/ns/projectui-open-files/2">
        <group>
            <file>file:/D:/SUSU/FALL%202023/ADVANCED%20JAVA/PROJECT/PlantArrayListExample/src/plantarraylistexample/Flower.java</file>
            <file>file:/D:/SUSU/FALL%202023/ADVANCED%20JAVA/PROJECT/PlantArrayListExample/src/plantarraylistexample/Order.java</file>
            <file>file:/D:/SUSU/FALL%202023/ADVANCED%20JAVA/PROJECT/PlantArrayListExample/src/plantarraylistexample/Plant.java</file>
            <file>file:/D:/SUSU/FALL%202023/ADVANCED%20JAVA/PROJECT/PlantArrayListExample/src/plantarraylistexample/PlantArrayListExample.java</file>
        </group>
    </open-files>
</project-private>
